Title,Link,pubDate,Description,Source,Tag
"Offshore wind developers, conservation groups collaborate to protect birds - Port City Daily",https://portcitydaily.com/local-news/2022/05/29/offshore-wind-developers-conservation-groups-collaborate-to-protect-birds/,5/29/2022,"Offshore wind developers, conservation groups collaborate to protect birds&nbsp;&nbsp;Port City Daily",Port City Daily,Sensors-Optical
Photonics applications emerge for agriculture - Laser Focus World,https://www.laserfocusworld.com/detectors-imaging/article/14276564/photonics-applications-emerge-for-agriculture,5/19/2022,Photonics applications emerge for agriculture&nbsp;&nbsp;Laser Focus World,Laser Focus World,Sensors-Optical
Do You Know Where the Tallest Trees on Earth Grow? - SnowBrains,https://snowbrains.com/do-you-know-where-the-tallest-trees-on-earth-grow/,5/24/2022,Do You Know Where the Tallest Trees on Earth Grow?&nbsp;&nbsp;SnowBrains,SnowBrains,Sensors-Optical
Crystal Diamond Mirrors Stand Up to Continuous-Wave Laser Powers - Photonics.com,https://www.photonics.com/Articles/Crystal_Diamond_Mirrors_Stand_Up_to/a68092,6/10/2022,Crystal Diamond Mirrors Stand Up to Continuous-Wave Laser Powers&nbsp;&nbsp;Photonics.com,Photonics.com,Sensors-Optical
Emerging technology gives first ever global view of hidden vessels - GlobeNewswire,https://www.globenewswire.com/news-release/2022/06/08/2458326/0/en/Emerging-technology-gives-first-ever-global-view-of-hidden-vessels.html,6/8/2022,Emerging technology gives first ever global view of hidden vessels&nbsp;&nbsp;GlobeNewswire,GlobeNewswire,Sensors-Optical
KF51 Panther: Germany's New Tank Could Be a 'Hunter-Killer' - 19FortyFive,https://www.19fortyfive.com/2022/06/kf51-panther-germanys-new-tank-that-could-break-all-of-the-rules/,6/14/2022,KF51 Panther: Germany's New Tank Could Be a 'Hunter-Killer'&nbsp;&nbsp;19FortyFive,19FortyFive,Sensors-Optical
Secret population of polar bears found living in seemingly impossible habitat - Verve Times,https://vervetimes.com/secret-population-of-polar-bears-found-living-in-seemingly-impossible-habitat/,6/16/2022,Secret population of polar bears found living in seemingly impossible habitat&nbsp;&nbsp;Verve Times,Verve Times,Sensors-Optical
Dallas Invents: 113 Patents Granted for Week of May 17 - dallasinnovates.com,https://dallasinnovates.com/dallas-invents-113-patents-granted-for-week-of-may-17/,6/14/2022,Dallas Invents: 113 Patents Granted for Week of May 17&nbsp;&nbsp;dallasinnovates.com,dallasinnovates.com,Sensors-Optical
Canada's human footprint reveals large intact areas juxtaposed against areas under immense anthropogenic pressure - FACETS Journal,https://www.facetsjournal.com/doi/10.1139/facets-2021-0063,3/19/2022,Canada's human footprint reveals large intact areas juxtaposed against areas under immense anthropogenic pressure&nbsp;&nbsp;FACETS Journal,FACETS Journal,Sensors-Optical
PolyU And MTR Groups to Explore Railway Technology Application - OpenGov Asia,https://opengovasia.com/polyu-and-mtr-groups-to-explore-railway-technology-application/,6/16/2022,PolyU And MTR Groups to Explore Railway Technology Application&nbsp;&nbsp;OpenGov Asia,OpenGov Asia,Sensors-Optical
Reading the Landscape - NASA Applied Science,https://appliedsciences.nasa.gov/our-impact/people/reading-landscape,1/21/2022,Reading the Landscape&nbsp;&nbsp;NASA Applied Science,NASA Applied Science,Sensors-Optical
Animal behavior is central in shaping the realized diel light niche | Communications Biology - Nature.com,https://www.nature.com/articles/s42003-022-03472-z,6/8/2022,Animal behavior is central in shaping the realized diel light niche | Communications Biology&nbsp;&nbsp;Nature.com,Nature.com,Sensors-Optical
Controlled nano-agglomerates as stabile SERS reporters for unequivocal labelling | Scientific Reports - Nature.com,https://www.nature.com/articles/s41598-022-12989-6,5/28/2022,Controlled nano-agglomerates as stabile SERS reporters for unequivocal labelling | Scientific Reports&nbsp;&nbsp;Nature.com,Nature.com,Sensors-Optical
HENSOLDT defence industry developer of Land Air Sea Solutions and Products | Germany German defence industry company UK | Europe defence industry company UK - Army Recognition,https://www.armyrecognition.com/germany_german_defence_industry_company_uk/hensoldt_defence_industry_developer_of_land_air_sea_solutions_and_products.html,6/10/2022,HENSOLDT defence industry developer of Land Air Sea Solutions and Products | Germany German defence industry company UK | Europe defence industry company UK&nbsp;&nbsp;Army Recognition,Army Recognition,Sensors-Optical
Mapping riparian zone macro litter abundance using combination of optical and thermal sensor | Scientific Reports - Nature.com,https://www.nature.com/articles/s41598-022-09974-4,4/12/2022,Mapping riparian zone macro litter abundance using combination of optical and thermal sensor | Scientific Reports&nbsp;&nbsp;Nature.com,Nature.com,Sensors-Optical
Landscape Dynamics (landDX) an open-access spatial-temporal database for the Kenya-Tanzania borderlands | Scientific Data - Nature.com,https://www.nature.com/articles/s41597-021-01100-9,1/18/2022,Landscape Dynamics (landDX) an open-access spatial-temporal database for the Kenya-Tanzania borderlands | Scientific Data&nbsp;&nbsp;Nature.com,Nature.com,Sensors-Optical
Latest version of Elios caged drone gets LiDAR for 3D mapping - New Atlas,https://newatlas.com/drones/elios-3-drone-3d-mapping/,5/25/2022,Latest version of Elios caged drone gets LiDAR for 3D mapping&nbsp;&nbsp;New Atlas,New Atlas,Sensors-Optical
Changes in land use enhance the sensitivity of tropical ecosystems to fire-climate extremes | Scientific Reports - Nature.com,https://www.nature.com/articles/s41598-022-05130-0,1/19/2022,Changes in land use enhance the sensitivity of tropical ecosystems to fire-climate extremes | Scientific Reports&nbsp;&nbsp;Nature.com,Nature.com,Sensors-Optical
Scientists Show How Forests Measure Up - nasa.gov,https://earthobservatory.nasa.gov/images/149793/scientists-show-how-forests-measure-up,5/12/2022,Scientists Show How Forests Measure Up&nbsp;&nbsp;nasa.gov,nasa.gov,Sensors-Optical
Global forest management data for 2015 at a 100 m resolution | Scientific Data - Nature.com,https://www.nature.com/articles/s41597-022-01332-3,5/10/2022,Global forest management data for 2015 at a 100 m resolution | Scientific Data&nbsp;&nbsp;Nature.com,Nature.com,Sensors-Optical
High-resolution deposition of conductive and insulating materials at micrometer scale on complex substrates | Scientific Reports - Nature.com,https://www.nature.com/articles/s41598-022-13352-5,6/4/2022,High-resolution deposition of conductive and insulating materials at micrometer scale on complex substrates | Scientific Reports&nbsp;&nbsp;Nature.com,Nature.com,Sensors-Optical
Tracking agricultural-related deforestation - Phys.org,https://phys.org/news/2022-05-tracking-agricultural-related-deforestation.html,5/5/2022,Tracking agricultural-related deforestation&nbsp;&nbsp;Phys.org,Phys.org,Sensors-Optical
"Volume 605 Issue 7908, 5 May 2022 - Nature.com",https://www.nature.com/nature/volumes/605/issues/7908,5/5/2022,"Volume 605 Issue 7908, 5 May 2022&nbsp;&nbsp;Nature.com",Nature.com,Sensors-Optical
Smartphones will beat DSLR cameras within two years — Sony - MyBroadband,https://mybroadband.co.za/news/smartphones/446968-smartphones-will-beat-dslr-cameras-within-two-years-sony.html,6/2/2022,Smartphones will beat DSLR cameras within two years — Sony&nbsp;&nbsp;MyBroadband,MyBroadband,Sensors-Optical
Best wildlife photography cameras 2022 - Livescience.com,https://www.livescience.com/best-wildlife-photography-cameras,5/17/2022,Best wildlife photography cameras 2022&nbsp;&nbsp;Livescience.com,Livescience.com,Sensors-Optical
"Best Unlocked Cell Phone Deals: Galaxy S22, iPhone 12 - Digital Trends",https://www.digitaltrends.com/dtdeals/best-unlocked-cell-phone-deals/,5/19/2022,"Best Unlocked Cell Phone Deals: Galaxy S22, iPhone 12&nbsp;&nbsp;Digital Trends",Digital Trends,Sensors-Optical
"Remote Sensing, Neural Networks Combine to Measure Tree Height - Photonics.com",https://www.photonics.com/Articles/Remote_Sensing_Neural_Networks_Combine_to/a67980,4/29/2022,"Remote Sensing, Neural Networks Combine to Measure Tree Height&nbsp;&nbsp;Photonics.com",Photonics.com,Sensors-Optical
Motorola Moto G52 review - PhoneArena,https://www.phonearena.com/reviews/motorola-moto-g52-review_id5413,6/1/2022,Motorola Moto G52 review&nbsp;&nbsp;PhoneArena,PhoneArena,Sensors-Optical
